{"sigma":0.7666030646676624,"parameters/linear2.weight":{"bins":[-0.5616227388381958,-0.5405911207199097,-0.5195594429969788,-0.4985278248786926,-0.4774961769580841,-0.4564645290374756,-0.43543291091918945,-0.41440126299858093,-0.3933696150779724,-0.3723379671573639,-0.35130631923675537,-0.33027470111846924,-0.3092430531978607,-0.2882114052772522,-0.26717978715896606,-0.24614813923835754,-0.22511649131774902,-0.2040848433971405,-0.18305321037769318,-0.16202157735824585,-0.14098992943763733,-0.1199582889676094,-0.09892664849758148,-0.07789500802755356,-0.056863367557525635,-0.03583172708749771,-0.014800086617469788,0.006231553852558136,0.02726319432258606,0.04829483479261398,0.0693264752626419,0.09035811573266983,0.11138969659805298,0.1324213445186615,0.15345297753810883,0.17448461055755615,0.19551625847816467,0.2165479063987732,0.23757953941822052,0.25861117243766785,0.27964282035827637,0.3006744682788849,0.3217061161994934,0.34273773431777954,0.36376938223838806,0.3848010301589966,0.4058326482772827,0.42686429619789124,0.44789594411849976,0.4689275920391083,0.4899592399597168,0.5109908580780029,0.5320224761962891,0.55305415391922,0.5740857720375061,0.595117449760437,0.6161490678787231,0.6371806859970093,0.6582123637199402,0.6792439818382263,0.7002756595611572,0.7213072776794434,0.7423388957977295,0.7633705735206604,0.7844021916389465],"_type":"histogram","values":[2,3,1,9,9,7,8,17,10,16,18,22,18,16,18,21,28,36,37,73,108,116,113,121,91,124,113,118,136,121,101,108,100,48,45,44,50,29,34,21,27,9,13,20,28,21,29,24,24,24,22,29,24,37,21,14,12,4,1,4,1,0,0,2]},"gradients/linear2.bias":{"values":[3,1,0,0,1,1,0,2,1,2,0,0,1,0,0,2,0,0,0,0,0,0,0,0,0,0,0,0,0,0,0,0,0,0,0,0,0,0,0,0,0,0,0,0,0,0,0,0,0,0,0,0,0,0,0,0,0,0,0,0,0,0,0,36],"bins":[-1.1685214042663574,-1.1502633094787598,-1.1320050954818726,-1.113747000694275,-1.0954887866973877,-1.07723069190979,-1.0589724779129028,-1.0407143831253052,-1.022456169128418,-1.0041980743408203,-0.9859399199485779,-0.9676817655563354,-0.9494236707687378,-0.9311655163764954,-0.9129073619842529,-0.8946492075920105,-0.8763910531997681,-0.8581328988075256,-0.8398747444152832,-0.8216165900230408,-0.8033584356307983,-0.7851003408432007,-0.7668421864509583,-0.7485840320587158,-0.7303258776664734,-0.712067723274231,-0.6938095688819885,-0.6755514144897461,-0.6572933197021484,-0.639035165309906,-0.6207770109176636,-0.6025188565254211,-0.5842607021331787,-0.5660025477409363,-0.5477443933486938,-0.5294862389564514,-0.511228084564209,-0.49296995997428894,-0.4747118353843689,-0.45645368099212646,-0.43819552659988403,-0.4199373722076416,-0.40167921781539917,-0.3834210932254791,-0.3651629388332367,-0.34690478444099426,-0.3286466598510742,-0.3103885054588318,-0.29213035106658936,-0.2738721966743469,-0.2556140422821045,-0.23735591769218445,-0.21909776329994202,-0.20083960890769958,-0.18258146941661835,-0.1643233299255371,-0.14606517553329468,-0.12780702114105225,-0.10954888164997101,-0.09129073470830917,-0.07303258776664734,-0.054774440824985504,-0.03651629388332367,-0.018258146941661835,0],"_type":"histogram"},"gradients/linear2.weight":{"_type":"histogram","values":[5,3,0,0,5,3,6,9,3,13,8,4,8,7,11,11,6,11,11,5,14,11,7,10,12,7,7,10,3,10,9,13,15,12,9,15,16,8,12,6,7,4,1,4,3,2,5,1,2,0,0,0,0,4,7,7,6,4,0,0,0,0,0,2108],"bins":[-8.575798988342285,-8.441802024841309,-8.307805061340332,-8.173808097839355,-8.039811134338379,-7.9058146476745605,-7.771817684173584,-7.637821197509766,-7.503824234008789,-7.3698272705078125,-7.235830307006836,-7.101833343505859,-6.967836856842041,-6.8338398933410645,-6.699842929840088,-6.565845966339111,-6.431849479675293,-6.297852516174316,-6.16385555267334,-6.029858589172363,-5.895861625671387,-5.761865139007568,-5.627868175506592,-5.493871212005615,-5.359874248504639,-5.225877285003662,-5.091880798339844,-4.957883834838867,-4.823886871337891,-4.689889907836914,-4.555893421173096,-4.421896457672119,-4.287899494171143,-4.153902530670166,-4.0199055671691895,-3.885908842086792,-3.7519121170043945,-3.617915153503418,-3.4839184284210205,-3.349921464920044,-3.2159247398376465,-3.08192777633667,-2.9479308128356934,-2.813934087753296,-2.6799371242523193,-2.545940399169922,-2.4119434356689453,-2.277946710586548,-2.1439497470855713,-2.0099527835845947,-1.8759560585021973,-1.7419592142105103,-1.6079623699188232,-1.4739654064178467,-1.3399685621261597,-1.2059717178344727,-1.0719748735427856,-0.9379780292510986,-0.8039811849594116,-0.6699842810630798,-0.5359874367713928,-0.4019905924797058,-0.2679937183856964,-0.1339968591928482,0]},"_runtime":62.195349958,"gradients/linear3.bias":{"values":[1],"bins":[-1.98260498046875,-1.98260498046875],"_type":"histogram"},"_timestamp":1.762358227710248e+09,"cacla_reward":-1669.9018972284355,"gradients/linear3.weight":{"_type":"histogram","values":[1,2,3,3,3,1,0,0,1,0,0,0,0,0,0,0,0,0,0,0,0,0,0,0,0,0,0,0,0,0,0,0,0,0,0,0,0,0,0,0,0,0,0,0,0,0,0,0,0,0,0,0,0,0,0,0,0,0,0,0,0,0,0,36],"bins":[-135.45960998535156,-133.34304809570312,-131.22650146484375,-129.1099395751953,-126.9933853149414,-124.8768310546875,-122.76026916503906,-120.64371490478516,-118.52716064453125,-116.41059875488281,-114.2940444946289,-112.177490234375,-110.0609359741211,-107.94437408447266,-105.82781982421875,-103.71126556396484,-101.59471130371094,-99.4781494140625,-97.3615951538086,-95.24504089355469,-93.12847900390625,-91.01192474365234,-88.89537048339844,-86.77881622314453,-84.6622543334961,-82.54570007324219,-80.42914581298828,-78.31258392333984,-76.19602966308594,-74.07947540283203,-71.96292114257812,-69.84635925292969,-67.72980499267578,-65.61325073242188,-63.4966926574707,-61.38013458251953,-59.263580322265625,-57.14702224731445,-55.03046798706055,-52.913909912109375,-50.79735565185547,-48.6807975769043,-46.564239501953125,-44.44768524169922,-42.33112716674805,-40.21457290649414,-38.09801483154297,-35.98146057128906,-33.86490249633789,-31.74834632873535,-29.631790161132812,-27.515233993530273,-25.398677825927734,-23.282119750976562,-21.165563583374023,-19.049007415771484,-16.932451248168945,-14.815895080566406,-12.699338912963867,-10.582781791687012,-8.466225624084473,-6.349669456481934,-4.233112812042236,-2.116556406021118,0]},"_step":1502,"cacla_steps":200,"parameters/linear2.bias":{"values":[2,2,1,1,1,1,2,1,0,2,2,0,0,1,1,3,1,0,1,1,0,2,0,0,1,0,1,1,1,0,0,1,1,3,1,1,0,0,0,1,0,0,1,0,1,0,0,0,0,2,0,0,0,1,2,2,0,1,1,0,0,0,1,1],"bins":[-0.16847091913223267,-0.15719912946224213,-0.1459273397922516,-0.13465553522109985,-0.12338374555110931,-0.11211195588111877,-0.10084016621112823,-0.0895683690905571,-0.07829657942056656,-0.06702478975057602,-0.05575299263000488,-0.04448120296001434,-0.033209409564733505,-0.021937616169452667,-0.010665824636816978,0.0006059678271412849,0.011877760291099548,0.023149553686380386,0.034421347081661224,0.045693136751651764,0.0569649301469326,0.06823672354221344,0.07950851321220398,0.09078031033277512,0.10205210000276566,0.1133238896727562,0.12459568679332733,0.13586747646331787,0.1471392661333084,0.15841105580329895,0.16968286037445068,0.18095465004444122,0.19222643971443176,0.2034982293844223,0.21477001905441284,0.22604182362556458,0.23731361329555511,0.24858540296554565,0.2598572075366974,0.27112898230552673,0.28240078687667847,0.2936725616455078,0.30494436621665955,0.3162161707878113,0.3274879455566406,0.33875975012779236,0.3500315248966217,0.36130332946777344,0.3725751042366028,0.3838469088077545,0.39511871337890625,0.4063904881477356,0.41766229271888733,0.4289340674877167,0.4402058720588684,0.45147767663002014,0.4627494513988495,0.4740212559700012,0.48529303073883057,0.4965648353099823,0.507836639881134,0.5191084146499634,0.5303801894187927,0.5416520237922668,0.5529237985610962],"_type":"histogram"},"gradients/linear1.bias":{"values":[1,0,0,0,0,0,1,0,1,2,0,2,3,1,2,2,2,3,2,2,1,1,0,0,0,0,0,0,0,0,0,0,0,0,0,0,0,0,0,0,0,0,0,0,0,0,0,1,0,1,0,0,0,0,0,0,0,0,0,0,0,0,0,22],