{"charts/learning_rate":3.0927836e-06,"_timestamp":1.762362798435539e+09,"losses/value_loss":0.23531044,"losses/old_approx_kl":-0.00063120946,"losses/approx_kl":1.1063181e-05,"_wandb":{"runtime":56},"losses/policy_loss":-8.335337e-05,"losses/clipfrac":0,"charts/SPS":3554,"losses/explained_variance":0.6905328,"_runtime":56,"losses/entropy":0.7074787,"global_step":198656,"_step":872}