{"steps_taken_training":38,"_wandb":{"runtime":86},"_runtime":86,"total_reward_training":42.78259158283217,"_timestamp":1.761149143184454e+09,"_step":679}