{"_wandb":{"runtime":38},"_runtime":38,"episode":807,"cacla_reward":-1662.9236300012328,"cacla_steps":200,"_timestamp":1.762357783810403e+09,"_step":807}