{"cacla_steps":200,"_timestamp":1.762357592217663e+09,"_runtime":95,"_wandb":{"runtime":95},"_step":1778,"episode":1778,"cacla_reward":-1815.7795728007482}