{"_timestamp":1.762358058102609e+09,"_step":906,"_runtime":37,"_wandb":{"runtime":37},"episode":906,"cacla_reward":-1637.0853062309354,"cacla_steps":200}